{"cameraMode":{"drawMode":0,"name":"Shaded","section":"Shading Mode"},"sceneLighting":false,"audioPlay":false,"sceneViewState":{"m_AlwaysRefresh":false,"showFog":true,"showSkybox":false,"showFlares":true,"showImageEffects":true,"showParticleSystems":true,"showVisualEffectGraphs":true,"m_FxEnabled":true},"in2DMode":false,"pivot":{"x":0.020441055297851564,"y":0.7635954022407532,"z":0.3753812909126282},"rotation":{"x":-0.1145387589931488,"y":0.8854609727859497,"z":-0.3180200755596161,"w":-0.31890949606895449},"size":1.3815160989761353,"orthographic":false}